{"cameraMode":{"drawMode":0,"name":"Shaded","section":"Shading Mode"},"sceneLighting":true,"audioPlay":false,"sceneViewState":{"m_AlwaysRefresh":false,"showFog":true,"showSkybox":true,"showFlares":true,"showImageEffects":true,"showParticleSystems":true,"showVisualEffectGraphs":true,"m_FxEnabled":true},"in2DMode":false,"pivot":{"x":1.6784050464630128,"y":-1.4036478996276856,"z":-0.6174678206443787},"rotation":{"x":-0.39623600244522097,"y":0.26044410467147829,"z":-0.11828414350748062,"w":-0.8724564909934998},"size":5.279149055480957,"orthographic":false}