{"cameraMode":{"drawMode":0,"name":"Shaded","section":"Shading Mode"},"sceneLighting":true,"audioPlay":false,"sceneViewState":{"m_AlwaysRefresh":false,"showFog":true,"showSkybox":true,"showFlares":true,"showImageEffects":true,"showParticleSystems":true,"showVisualEffectGraphs":true,"m_FxEnabled":true},"in2DMode":false,"pivot":{"x":-0.5276249051094055,"y":1.0950074195861817,"z":-0.7331061363220215},"rotation":{"x":0.07367929816246033,"y":-0.20202134549617768,"z":0.01524261198937893,"w":0.9765032529830933},"size":7.50019645690918,"orthographic":false}